class,auroc
Atelectasis,0.7677519150266017
Cardiomegaly,0.8872216689627432
Effusion,0.8305086033512588
Infiltration,0.6927688511166634
Mass,0.8253395767588318
Nodule,0.7600312263393257
Pneumonia,0.71885146198073
Pneumothorax,0.8632936986994918
Consolidation,0.7441374071923288
Edema,0.8487034892701465
Emphysema,0.9135583002159791
Fibrosis,0.8347081119429953
Pleural_Thickening,0.77707637688298
Hernia,0.930612254200359
